[
  {"code": "A", "city": "Augsburg", "state": "Bayern"},
  {"code": "AA", "city": "Aalen", "state": "Baden-Württemberg"},
  {"code": "AB", "city": "Aschaffenburg", "state": "Bayern"},
  {"code": "ABI", "city": "Anhalt-Bitterfeld", "state": "Sachsen-Anhalt"},
  {"code": "ABG", "city": "Altenburger Land", "state": "Thüringen"},
  {"code": "AC", "city": "Aachen", "state": "Nordrhein-Westfalen"},
  {"code": "AE", "city": "Vogtlandkreis", "state": "Sachsen"},
  {"code": "AH", "city": "Ahaus", "state": "Nordrhein-Westfalen"},
  {"code": "AIB", "city": "Bad Aibling", "state": "Bayern"},
  {"code": "AK", "city": "Altenkirchen", "state": "Rheinland-Pfalz"},
  {"code": "AL", "city": "Altena", "state": "Nordrhein-Westfalen"},
  {"code": "ALF", "city": "Alfeld", "state": "Niedersachsen"},
  {"code": "ALS", "city": "Alsfeld", "state": "Hessen"},
  {"code": "AM", "city": "Amberg", "state": "Bayern"},
  {"code": "AN", "city": "Ansbach", "state": "Bayern"},
  {"code": "ANA", "city": "Annaberg", "state": "Sachsen"},
  {"code": "ANG", "city": "Angermünde", "state": "Brandenburg"},
  {"code": "ANK", "city": "Anklam", "state": "Mecklenburg-Vorpommern"},
  {"code": "AÖ", "city": "Altötting", "state": "Bayern"},
  {"code": "AP", "city": "Apolda", "state": "Thüringen"},
  {"code": "APD", "city": "Apolda", "state": "Thüringen"},
  {"code": "AR", "city": "Ahrensburg", "state": "Schleswig-Holstein"},
  {"code": "ARN", "city": "Arnstadt", "state": "Thüringen"},
  {"code": "ART", "city": "Artern", "state": "Thüringen"},
  {"code": "AS", "city": "Amberg-Sulzbach", "state": "Bayern"},
  {"code": "ASL", "city": "Aschersleben", "state": "Sachsen-Anhalt"},
  {"code": "ASZ", "city": "Aue-Schwarzenberg", "state": "Sachsen"},
  {"code": "AT", "city": "Altentreptow", "state": "Mecklenburg-Vorpommern"},
  {"code": "AU", "city": "Aue", "state": "Sachsen"},
  {"code": "AUR", "city": "Aurich", "state": "Niedersachsen"},
  {"code": "AW", "city": "Ahrweiler", "state": "Rheinland-Pfalz"},
  {"code": "AZ", "city": "Alzey", "state": "Rheinland-Pfalz"},
  {"code": "B", "city": "Berlin", "state": "Berlin"},
  {"code": "BA", "city": "Bamberg", "state": "Bayern"},
  {"code": "BAD", "city": "Baden-Baden", "state": "Baden-Württemberg"},
  {"code": "BAR", "city": "Barna", "state": "Brandenburg"},
  {"code": "BB", "city": "Böblingen", "state": "Baden-Württemberg"},
  {"code": "BBG", "city": "Bernburg", "state": "Sachsen-Anhalt"},
  {"code": "BBL", "city": "Brandenburg an der Havel", "state": "Brandenburg"},
  {"code": "BC", "city": "Biberach", "state": "Baden-Württemberg"},
  {"code": "BD", "city": "Bundespolizei", "state": "Bund"},
  {"code": "BE", "city": "Beckum", "state": "Nordrhein-Westfalen"},
  {"code": "BED", "city": "Brand-Erbisdorf", "state": "Sachsen"},
  {"code": "BER", "city": "Bernau bei Berlin", "state": "Brandenburg"},
  {"code": "BF", "city": "Steinfurt", "state": "Nordrhein-Westfalen"},
  {"code": "BG", "city": "Burg", "state": "Sachsen-Anhalt"},
  {"code": "BGL", "city": "Berchtesgadener Land", "state": "Bayern"},
  {"code": "BH", "city": "Bühl", "state": "Baden-Württemberg"},
  {"code": "BI", "city": "Bielefeld", "state": "Nordrhein-Westfalen"},
  {"code": "BID", "city": "Biedenkopf", "state": "Hessen"},
  {"code": "BIN", "city": "Bingen am Rhein", "state": "Rheinland-Pfalz"},
  {"code": "BIR", "city": "Birkenfeld", "state": "Rheinland-Pfalz"},
  {"code": "BIT", "city": "Bitburg", "state": "Rheinland-Pfalz"},
  {"code": "BIW", "city": "Bischofswerda", "state": "Sachsen"},
  {"code": "BK", "city": "Borken", "state": "Nordrhein-Westfalen"},
  {"code": "BL", "city": "Balingen", "state": "Baden-Württemberg"},
  {"code": "BLB", "city": "Bad Liebenwerda", "state": "Brandenburg"},
  {"code": "BLK", "city": "Burgenlandkreis", "state": "Sachsen-Anhalt"},
  {"code": "BM", "city": "Bergheim", "state": "Nordrhein-Westfalen"},
  {"code": "BN", "city": "Bonn", "state": "Nordrhein-Westfalen"},
  {"code": "BNA", "city": "Borna", "state": "Sachsen"},
  {"code": "BO", "city": "Bochum", "state": "Nordrhein-Westfalen"},
  {"code": "BÖ", "city": "Börde", "state": "Sachsen-Anhalt"},
  {"code": "BOG", "city": "Bogen", "state": "Bayern"},
  {"code": "BOH", "city": "Bocholt", "state": "Nordrhein-Westfalen"},
  {"code": "BOR", "city": "Borken", "state": "Nordrhein-Westfalen"},
  {"code": "BOT", "city": "Bottrop", "state": "Nordrhein-Westfalen"},
  {"code": "BP", "city": "Bundespolizei", "state": "Bund"},
  {"code": "BRA", "city": "Brake", "state": "Niedersachsen"},
  {"code": "BRB", "city": "Brandenburg an der Havel", "state": "Brandenburg"},
  {"code": "BRG", "city": "Burg", "state": "Sachsen-Anhalt"},
  {"code": "BRI", "city": "Brilon", "state": "Nordrhein-Westfalen"},
  {"code": "BRK", "city": "Bad Brückenau", "state": "Bayern"},
  {"code": "BRL", "city": "Braunlage", "state": "Niedersachsen"},
  {"code": "BRV", "city": "Bremervörde", "state": "Niedersachsen"},
  {"code": "BS", "city": "Braunschweig", "state": "Niedersachsen"},
  {"code": "BSB", "city": "Bersenbrück", "state": "Niedersachsen"},
  {"code": "BT", "city": "Bayreuth", "state": "Bayern"},
  {"code": "BTF", "city": "Bitterfeld-Wolfen", "state": "Sachsen-Anhalt"},
  {"code": "BÜD", "city": "Büdingen", "state": "Hessen"},
  {"code": "BÜR", "city": "Büren", "state": "Nordrhein-Westfalen"},
  {"code": "BUL", "city": "Burglengenfeld", "state": "Bayern"},
  {"code": "BÜS", "city": "Büsingen am Hochrhein", "state": "Baden-Württemberg"},
  {"code": "BÜZ", "city": "Bützow", "state": "Mecklenburg-Vorpommern"},
  {"code": "BW", "city": "Bundeswehr", "state": "Bund"},
  {"code": "BWL", "city": "Baden-Württemberg", "state": "Baden-Württemberg"},
  {"code": "BY", "city": "Bayern", "state": "Bayern"},
  {"code": "BZ", "city": "Bautzen", "state": "Sachsen"},
  {"code": "C", "city": "Chemnitz", "state": "Sachsen"},
  {"code": "CA", "city": "Calau", "state": "Brandenburg"},
  {"code": "CAS", "city": "Castrop-Rauxel", "state": "Nordrhein-Westfalen"},
  {"code": "CB", "city": "Cottbus", "state": "Brandenburg"},
  {"code": "CE", "city": "Celle", "state": "Niedersachsen"},
  {"code": "CHA", "city": "Cham", "state": "Bayern"},
  {"code": "CLP", "city": "Cloppenburg", "state": "Niedersachsen"},
  {"code": "CLZ", "city": "Clausthal-Zellerfeld", "state": "Niedersachsen"},
  {"code": "CO", "city": "Coburg", "state": "Bayern"},
  {"code": "COC", "city": "Cochem", "state": "Rheinland-Pfalz"},
  {"code": "COE", "city": "Coesfeld", "state": "Nordrhein-Westfalen"},
  {"code": "CR", "city": "Crailsheim", "state": "Baden-Württemberg"},
  {"code": "CT", "city": "Cottbus", "state": "Brandenburg"},
  {"code": "CUX", "city": "Cuxhaven", "state": "Niedersachsen"},
  {"code": "CW", "city": "Calw", "state": "Baden-Württemberg"},
  {"code": "D", "city": "Düsseldorf", "state": "Nordrhein-Westfalen"},
  {"code": "DA", "city": "Darmstadt", "state": "Hessen"},
  {"code": "DAH", "city": "Dachau", "state": "Bayern"},
  {"code": "DAN", "city": "Dannenberg", "state": "Niedersachsen"},
  {"code": "DAU", "city": "Daun", "state": "Rheinland-Pfalz"},
  {"code": "DBR", "city": "Bad Doberan", "state": "Mecklenburg-Vorpommern"},
  {"code": "DD", "city": "Dresden", "state": "Sachsen"},
  {"code": "DE", "city": "Dessau", "state": "Sachsen-Anhalt"},
  {"code": "DEG", "city": "Deggendorf", "state": "Bayern"},
  {"code": "DEL", "city": "Delmenhorst", "state": "Niedersachsen"},
  {"code": "DGF", "city": "Dingolfing", "state": "Bayern"},
  {"code": "DH", "city": "Diepholz", "state": "Niedersachsen"},
  {"code": "DI", "city": "Dieburg", "state": "Hessen"},
  {"code": "DIL", "city": "Dillenburg", "state": "Hessen"},
  {"code": "DIN", "city": "Dinslaken", "state": "Nordrhein-Westfalen"},
  {"code": "DIZ", "city": "Diez", "state": "Rheinland-Pfalz"},
  {"code": "DKB", "city": "Dinkelsbühl", "state": "Bayern"},
  {"code": "DL", "city": "Döbeln", "state": "Sachsen"},
  {"code": "DLG", "city": "Dillingen an der Donau", "state": "Bayern"},
  {"code": "DM", "city": "Demmin", "state": "Mecklenburg-Vorpommern"},
  {"code": "DN", "city": "Düren", "state": "Nordrhein-Westfalen"},
  {"code": "DO", "city": "Dortmund", "state": "Nordrhein-Westfalen"},
  {"code": "DON", "city": "Donauwörth", "state": "Bayern"},
  {"code": "DS", "city": "Donaueschingen", "state": "Baden-Württemberg"},
  {"code": "DT", "city": "Detmold", "state": "Nordrhein-Westfalen"},
  {"code": "DU", "city": "Duisburg", "state": "Nordrhein-Westfalen"},
  {"code": "DUD", "city": "Duderstadt", "state": "Niedersachsen"},
  {"code": "DÜW", "city": "Bad Dürkheim", "state": "Rheinland-Pfalz"},
  {"code": "DW", "city": "Dippoldiswalde", "state": "Sachsen"},
  {"code": "DZ", "city": "Delitzsch", "state": "Sachsen"},
  {"code": "E", "city": "Essen", "state": "Nordrhein-Westfalen"},
  {"code": "EA", "city": "Eisenach", "state": "Thüringen"},
  {"code": "EB", "city": "Eilenburg", "state": "Sachsen"},
  {"code": "EBE", "city": "Ebersberg", "state": "Bayern"},
  {"code": "EBN", "city": "Ebern", "state": "Bayern"},
  {"code": "EBS", "city": "Ebermannstadt", "state": "Bayern"},
  {"code": "ECK", "city": "Eckernförde", "state": "Schleswig-Holstein"},
  {"code": "ED", "city": "Erding", "state": "Bayern"},
  {"code": "EE", "city": "Elbe-Elster", "state": "Brandenburg"},
  {"code": "EF", "city": "Erfurt", "state": "Thüringen"},
  {"code": "EG", "city": "Eggenfelden", "state": "Bayern"},
  {"code": "EH", "city": "Eisenhüttenstadt", "state": "Brandenburg"},
  {"code": "EI", "city": "Eichstätt", "state": "Bayern"},
  {"code": "EIC", "city": "Eichsfeld", "state": "Thüringen"},
  {"code": "EIL", "city": "Eilenburg", "state": "Sachsen"},
  {"code": "EIN", "city": "Einbeck", "state": "Niedersachsen"},
  {"code": "EIS", "city": "Eisenberg", "state": "Thüringen"},
  {"code": "EL", "city": "Emsland", "state": "Niedersachsen"},
  {"code": "EM", "city": "Emmendingen", "state": "Baden-Württemberg"},
  {"code": "EMD", "city": "Emden", "state": "Niedersachsen"},
  {"code": "EMS", "city": "Bad Ems", "state": "Rheinland-Pfalz"},
  {"code": "EN", "city": "Ennepe-Ruhr-Kreis", "state": "Nordrhein-Westfalen"},
  {"code": "ER", "city": "Erlangen", "state": "Bayern"},
  {"code": "ERB", "city": "Erbach", "state": "Hessen"},
  {"code": "ERH", "city": "Erlangen-Höchstadt", "state": "Bayern"},
  {"code": "ERK", "city": "Erkelenz", "state": "Nordrhein-Westfalen"},
  {"code": "ERZ", "city": "Erzgebirgskreis", "state": "Sachsen"},
  {"code": "ES", "city": "Esslingen am Neckar", "state": "Baden-Württemberg"},
  {"code": "ESB", "city": "Eschenbach", "state": "Bayern"},
  {"code": "ESW", "city": "Eschwege", "state": "Hessen"},
  {"code": "EU", "city": "Euskirchen", "state": "Nordrhein-Westfalen"},
  {"code": "EW", "city": "Eberswalde", "state": "Brandenburg"},
  {"code": "F", "city": "Frankfurt am Main", "state": "Hessen"},
  {"code": "FB", "city": "Friedberg", "state": "Hessen"},
  {"code": "FD", "city": "Fulda", "state": "Hessen"},
  {"code": "FDB", "city": "Friedberg", "state": "Bayern"},
  {"code": "FF", "city": "Frankfurt (Oder)", "state": "Brandenburg"},
  {"code": "FFB", "city": "Fürstenfeldbruck", "state": "Bayern"},
  {"code": "FG", "city": "Freiberg", "state": "Sachsen"},
  {"code": "FI", "city": "Finsterwalde", "state": "Brandenburg"},
  {"code": "FKB", "city": "Frankenberg", "state": "Hessen"},
  {"code": "FL", "city": "Flensburg", "state": "Schleswig-Holstein"},
  {"code": "FN", "city": "Friedrichshafen", "state": "Baden-Württemberg"},
  {"code": "FO", "city": "Forchheim", "state": "Bayern"},
  {"code": "FOR", "city": "Forst", "state": "Brandenburg"},
  {"code": "FR", "city": "Freiburg im Breisgau", "state": "Baden-Württemberg"},
  {"code": "FRG", "city": "Freyung-Grafenau", "state": "Bayern"},
  {"code": "FRI", "city": "Friesland", "state": "Niedersachsen"},
  {"code": "FRW", "city": "Bad Freienwalde", "state": "Brandenburg"},
  {"code": "FS", "city": "Freising", "state": "Bayern"},
  {"code": "FT", "city": "Frankenthal", "state": "Rheinland-Pfalz"},
  {"code": "FTL", "city": "Freital", "state": "Sachsen"},
  {"code": "FÜ", "city": "Fürth", "state": "Bayern"},
  {"code": "FÜS", "city": "Füssen", "state": "Bayern"},
  {"code": "G", "city": "Gera", "state": "Thüringen"},
  {"code": "GA", "city": "Gardelegen", "state": "Sachsen-Anhalt"},
  {"code": "GAN", "city": "Gandersheim", "state": "Niedersachsen"},
  {"code": "GAP", "city": "Garmisch-Partenkirchen", "state": "Bayern"},
  {"code": "GB", "city": "Guben", "state": "Brandenburg"},
  {"code": "GD", "city": "Gundelfingen", "state": "Bayern"},
  {"code": "GE", "city": "Gelsenkirchen", "state": "Nordrhein-Westfalen"},
  {"code": "GEL", "city": "Geldern", "state": "Nordrhein-Westfalen"},
  {"code": "GER", "city": "Germersheim", "state": "Rheinland-Pfalz"},
  {"code": "GF", "city": "Gifhorn", "state": "Niedersachsen"},
  {"code": "GG", "city": "Groß-Gerau", "state": "Hessen"},
  {"code": "GI", "city": "Gießen", "state": "Hessen"},
  {"code": "GK", "city": "Geilenkirchen", "state": "Nordrhein-Westfalen"},
  {"code": "GL", "city": "Gütersloh", "state": "Nordrhein-Westfalen"},
  {"code": "GM", "city": "Gummersbach", "state": "Nordrhein-Westfalen"},
  {"code": "GMN", "city": "Grimmen", "state": "Mecklenburg-Vorpommern"},
  {"code": "GN", "city": "Gelnhausen", "state": "Hessen"},
  {"code": "GO", "city": "Gotha", "state": "Thüringen"},
  {"code": "GOA", "city": "St. Goar", "state": "Rheinland-Pfalz"},
  {"code": "GÖ", "city": "Göttingen", "state": "Niedersachsen"},
  {"code": "GP", "city": "Göppingen", "state": "Baden-Württemberg"},
  {"code": "GR", "city": "Görlitz", "state": "Sachsen"},
  {"code": "GRA", "city": "Grafenau", "state": "Bayern"},
  {"code": "GRH", "city": "Greiz", "state": "Thüringen"},
  {"code": "GRI", "city": "Grünberg", "state": "Hessen"},
  {"code": "GRM", "city": "Grimma", "state": "Sachsen"},
  {"code": "GRS", "city": "Groß-Gerau", "state": "Hessen"},
  {"code": "GRZ", "city": "Greiz", "state": "Thüringen"},
  {"code": "GS", "city": "Goslar", "state": "Niedersachsen"},
  {"code": "GT", "city": "Gütersloh", "state": "Nordrhein-Westfalen"},
  {"code": "GTH", "city": "Gotha", "state": "Thüringen"},
  {"code": "GÜ", "city": "Günzburg", "state": "Bayern"},
  {"code": "GUB", "city": "Guben", "state": "Brandenburg"},
  {"code": "GUN", "city": "Gunzenhausen", "state": "Bayern"},
  {"code": "GV", "city": "Greven", "state": "Nordrhein-Westfalen"},
  {"code": "GVM", "city": "Grimmen", "state": "Mecklenburg-Vorpommern"},
  {"code": "GW", "city": "Greifswald", "state": "Mecklenburg-Vorpommern"},
  {"code": "GZ", "city": "Günzburg", "state": "Bayern"},
  {"code": "H", "city": "Hannover", "state": "Niedersachsen"},
  {"code": "HA", "city": "Hagen", "state": "Nordrhein-Westfalen"},
  {"code": "HAB", "city": "Hammelburg", "state": "Bayern"},
  {"code": "HAL", "city": "Halle (Saale)", "state": "Sachsen-Anhalt"},
  {"code": "HAM", "city": "Hamm", "state": "Nordrhein-Westfalen"},
  {"code": "HAS", "city": "Haßfurt", "state": "Bayern"},
  {"code": "HB", "city": "Hansestadt Bremen", "state": "Bremen"},
  {"code": "HBN", "city": "Hildburghausen", "state": "Thüringen"},
  {"code": "HD", "city": "Heidelberg", "state": "Baden-Württemberg"},
  {"code": "HDH", "city": "Heidenheim an der Brenz", "state": "Baden-Württemberg"},
  {"code": "HE", "city": "Helmstedt", "state": "Niedersachsen"},
  {"code": "HEF", "city": "Bad Hersfeld", "state": "Hessen"},
  {"code": "HEI", "city": "Heide", "state": "Schleswig-Holstein"},
  {"code": "HEL", "city": "Hellersdorf", "state": "Berlin"},
  {"code": "HER", "city": "Herne", "state": "Nordrhein-Westfalen"},
  {"code": "HF", "city": "Herford", "state": "Nordrhein-Westfalen"},
  {"code": "HG", "city": "Bad Homburg vor der Höhe", "state": "Hessen"},
  {"code": "HGW", "city": "Hansestadt Greifswald", "state": "Mecklenburg-Vorpommern"},
  {"code": "HH", "city": "Hansestadt Hamburg", "state": "Hamburg"},
  {"code": "HI", "city": "Hildesheim", "state": "Niedersachsen"},
  {"code": "HIG", "city": "Heiligenstadt", "state": "Thüringen"},
  {"code": "HK", "city": "Heidekreis", "state": "Niedersachsen"},
  {"code": "HL", "city": "Lübeck", "state": "Schleswig-Holstein"},
  {"code": "HM", "city": "Hameln-Pyrmont", "state": "Niedersachsen"},
  {"code": "HN", "city": "Heilbronn", "state": "Baden-Württemberg"},
  {"code": "HO", "city": "Hof", "state": "Bayern"},
  {"code": "HOG", "city": "Hofgeismar", "state": "Hessen"},
  {"code": "HOH", "city": "Hofheim am Taunus", "state": "Hessen"},
  {"code": "HOL", "city": "Holzminden", "state": "Niedersachsen"},
  {"code": "HOM", "city": "Homburg", "state": "Saarland"},
  {"code": "HOR", "city": "Horb am Neckar", "state": "Baden-Württemberg"},
  {"code": "HOT", "city": "Hof", "state": "Bayern"},
  {"code": "HP", "city": "Heppenheim", "state": "Hessen"},
  {"code": "HR", "city": "Homberg (Efze)", "state": "Hessen"},
  {"code": "HRO", "city": "Hansestadt Rostock", "state": "Mecklenburg-Vorpommern"},
  {"code": "HS", "city": "Heinsberg", "state": "Nordrhein-Westfalen"},
  {"code": "HSK", "city": "Hochsauerlandkreis", "state": "Nordrhein-Westfalen"},
  {"code": "HST", "city": "Hansestadt Stralsund", "state": "Mecklenburg-Vorpommern"},
  {"code": "HU", "city": "Hanau", "state": "Hessen"},
  {"code": "HÜN", "city": "Hünfeld", "state": "Hessen"},
  {"code": "HUS", "city": "Husum", "state": "Schleswig-Holstein"},
  {"code": "HV", "city": "Havelberg", "state": "Sachsen-Anhalt"},
  {"code": "HVL", "city": "Havelland", "state": "Brandenburg"},
  {"code": "HW", "city": "Halle (Westfalen)", "state": "Nordrhein-Westfalen"},
  {"code": "HWI", "city": "Hansestadt Wismar", "state": "Mecklenburg-Vorpommern"},
  {"code": "HX", "city": "Höxter", "state": "Nordrhein-Westfalen"},
  {"code": "HY", "city": "Hoyerswerda", "state": "Sachsen"},
  {"code": "HZ", "city": "Harz", "state": "Sachsen-Anhalt"},
  {"code": "IGB", "city": "St. Ingbert", "state": "Saarland"},
  {"code": "IK", "city": "Ilm-Kreis", "state": "Thüringen"},
  {"code": "IL", "city": "Ilmenau", "state": "Thüringen"},
  {"code": "IN", "city": "Ingolstadt", "state": "Bayern"},
  {"code": "IZ", "city": "Itzehoe", "state": "Schleswig-Holstein"},
  {"code": "J", "city": "Jena", "state": "Thüringen"},
  {"code": "JE", "city": "Jessen", "state": "Sachsen-Anhalt"},
  {"code": "JL", "city": "Jerichower Land", "state": "Sachsen-Anhalt"},
  {"code": "JÜL", "city": "Jülich", "state": "Nordrhein-Westfalen"},
  {"code": "K", "city": "Köln", "state": "Nordrhein-Westfalen"},
  {"code": "KA", "city": "Karlsruhe", "state": "Baden-Württemberg"},
  {"code": "KB", "city": "Korbach", "state": "Hessen"},
  {"code": "KC", "city": "Kronach", "state": "Bayern"},
  {"code": "KE", "city": "Kempten (Allgäu)", "state": "Bayern"},
  {"code": "KEH", "city": "Kelheim", "state": "Bayern"},
  {"code": "KF", "city": "Kaufbeuren", "state": "Bayern"},
  {"code": "KG", "city": "Bad Kissingen", "state": "Bayern"},
  {"code": "KH", "city": "Bad Kreuznach", "state": "Rheinland-Pfalz"},
  {"code": "KI", "city": "Kiel", "state": "Schleswig-Holstein"},
  {"code": "KIB", "city": "Kirchheimbolanden", "state": "Rheinland-Pfalz"},
  {"code": "KK", "city": "Kempen-Krefeld", "state": "Nordrhein-Westfalen"},
  {"code": "KL", "city": "Kaiserslautern", "state": "Rheinland-Pfalz"},
  {"code": "KLE", "city": "Kleve", "state": "Nordrhein-Westfalen"},
  {"code": "KN", "city": "Konstanz", "state": "Baden-Württemberg"},
  {"code": "KO", "city": "Koblenz", "state": "Rheinland-Pfalz"},
  {"code": "KÖN", "city": "Königs Wusterhausen", "state": "Brandenburg"},
  {"code": "KÖT", "city": "Köthen", "state": "Sachsen-Anhalt"},
  {"code": "KR", "city": "Krefeld", "state": "Nordrhein-Westfalen"},
  {"code": "KS", "city": "Kassel", "state": "Hessen"},
  {"code": "KT", "city": "Kitzingen", "state": "Bayern"},
  {"code": "KU", "city": "Kulmbach", "state": "Bayern"},
  {"code": "KÜN", "city": "Künzelsau", "state": "Baden-Württemberg"},
  {"code": "KUS", "city": "Kusel", "state": "Rheinland-Pfalz"},
  {"code": "KW", "city": "Kamenz", "state": "Sachsen"},
  {"code": "KY", "city": "Kyritz", "state": "Brandenburg"},
  {"code": "KYF", "city": "Kyffhäuserkreis", "state": "Thüringen"},
  {"code": "L", "city": "Leipzig", "state": "Sachsen"},
  {"code": "LA", "city": "Landshut", "state": "Bayern"},
  {"code": "LAN", "city": "Landsberg am Lech", "state": "Bayern"},
  {"code": "LB", "city": "Ludwigsburg", "state": "Baden-Württemberg"},
  {"code": "LBZ", "city": "Lübz", "state": "Mecklenburg-Vorpommern"},
  {"code": "LC", "city": "Luckau", "state": "Brandenburg"},
  {"code": "LD", "city": "Landau in der Pfalz", "state": "Rheinland-Pfalz"},
  {"code": "LDK", "city": "Lahn-Dill-Kreis", "state": "Hessen"},
  {"code": "LDS", "city": "Dahme-Spreewald", "state": "Brandenburg"},
  {"code": "LE", "city": "Lemgo", "state": "Nordrhein-Westfalen"},
  {"code": "LEO", "city": "Leonberg", "state": "Baden-Württemberg"},
  {"code": "LER", "city": "Lörrach", "state": "Baden-Württemberg"},
  {"code": "LEV", "city": "Leverkusen", "state": "Nordrhein-Westfalen"},
  {"code": "LF", "city": "Lauf an der Pegnitz", "state": "Bayern"},
  {"code": "LG", "city": "Lüneburg", "state": "Niedersachsen"},
  {"code": "LI", "city": "Lindau (Bodensee)", "state": "Bayern"},
  {"code": "LIB", "city": "Bad Liebenwerda", "state": "Brandenburg"},
  {"code": "LIF", "city": "Lichtenfels", "state": "Bayern"},
  {"code": "LIP", "city": "Lippe", "state": "Nordrhein-Westfalen"},
  {"code": "LL", "city": "Landsberg am Lech", "state": "Bayern"},
  {"code": "LM", "city": "Limburg an der Lahn", "state": "Hessen"},
  {"code": "LN", "city": "Lübben", "state": "Brandenburg"},
  {"code": "LÖ", "city": "Lörrach", "state": "Baden-Württemberg"},
  {"code": "LÖB", "city": "Löbau", "state": "Sachsen"},
  {"code": "LOS", "city": "Oder-Spree", "state": "Brandenburg"},
  {"code": "LP", "city": "Lippstadt", "state": "Nordrhein-Westfalen"},
  {"code": "LR", "city": "Lörrach", "state": "Baden-Württemberg"},
  {"code": "LS", "city": "Lüdenscheid", "state": "Nordrhein-Westfalen"},
  {"code": "LSA", "city": "Sachsen-Anhalt", "state": "Sachsen-Anhalt"},
  {"code": "LSN", "city": "Sachsen", "state": "Sachsen"},
  {"code": "LU", "city": "Ludwigshafen am Rhein", "state": "Rheinland-Pfalz"},
  {"code": "LÜD", "city": "Lüdenscheid", "state": "Nordrhein-Westfalen"},
  {"code": "LÜN", "city": "Lünen", "state": "Nordrhein-Westfalen"},
  {"code": "LUP", "city": "Lupburg", "state": "Bayern"},
  {"code": "LWL", "city": "Ludwigslust", "state": "Mecklenburg-Vorpommern"},
  {"code": "M", "city": "München", "state": "Bayern"},
  {"code": "MA", "city": "Mannheim", "state": "Baden-Württemberg"},
  {"code": "MAB", "city": "Marienberg", "state": "Sachsen"},
  {"code": "MAI", "city": "Mainburg", "state": "Bayern"},
  {"code": "MAK", "city": "Marktredwitz", "state": "Bayern"},
  {"code": "MAL", "city": "Mallersdorf", "state": "Bayern"},
  {"code": "MAR", "city": "Marburg", "state": "Hessen"},
  {"code": "MB", "city": "Miesbach", "state": "Bayern"},
  {"code": "MC", "city": "Mecklenburgische Seenplatte", "state": "Mecklenburg-Vorpommern"},
  {"code": "MD", "city": "Magdeburg", "state": "Sachsen-Anhalt"},
  {"code": "ME", "city": "Mettmann", "state": "Nordrhein-Westfalen"},
  {"code": "MED", "city": "Meldorf", "state": "Schleswig-Holstein"},
  {"code": "MEG", "city": "Melsungen", "state": "Hessen"},
  {"code": "MEI", "city": "Meißen", "state": "Sachsen"},
  {"code": "MEK", "city": "Mittelsachsen", "state": "Sachsen"},
  {"code": "MER", "city": "Merseburg", "state": "Sachsen-Anhalt"},
  {"code": "MET", "city": "Mettmann", "state": "Nordrhein-Westfalen"},
  {"code": "MG", "city": "Mönchengladbach", "state": "Nordrhein-Westfalen"},
  {"code": "MGH", "city": "Bad Mergentheim", "state": "Baden-Württemberg"},
  {"code": "MH", "city": "Mülheim an der Ruhr", "state": "Nordrhein-Westfalen"},
  {"code": "MI", "city": "Minden", "state": "Nordrhein-Westfalen"},
  {"code": "MIL", "city": "Miltenberg", "state": "Bayern"},
  {"code": "MK", "city": "Märkischer Kreis", "state": "Nordrhein-Westfalen"},
  {"code": "MKK", "city": "Main-Kinzig-Kreis", "state": "Hessen"},
  {"code": "ML", "city": "Mansfeld-Südharz", "state": "Sachsen-Anhalt"},
  {"code": "MM", "city": "Memmingen", "state": "Bayern"},
  {"code": "MN", "city": "Mindelheim", "state": "Bayern"},
  {"code": "MO", "city": "Moers", "state": "Nordrhein-Westfalen"},
  {"code": "MOD", "city": "Marktoberdorf", "state": "Bayern"},
  {"code": "MOL", "city": "Märkisch-Oderland", "state": "Brandenburg"},
  {"code": "MOS", "city": "Mosbach", "state": "Baden-Württemberg"},
  {"code": "MR", "city": "Marburg-Biedenkopf", "state": "Hessen"},
  {"code": "MS", "city": "Münster", "state": "Nordrhein-Westfalen"},
  {"code": "MSH", "city": "Mansfeld-Südharz", "state": "Sachsen-Anhalt"},
  {"code": "MSP", "city": "Main-Spessart", "state": "Bayern"},
  {"code": "MST", "city": "Mecklenburgische Seenplatte", "state": "Mecklenburg-Vorpommern"},
  {"code": "MTK", "city": "Main-Taunus-Kreis", "state": "Hessen"},
  {"code": "MÜ", "city": "Mühldorf am Inn", "state": "Bayern"},
  {"code": "MÜB", "city": "Münchberg", "state": "Bayern"},
  {"code": "MÜL", "city": "Müllheim", "state": "Baden-Württemberg"},
  {"code": "MÜN", "city": "Münster", "state": "Nordrhein-Westfalen"},
  {"code": "MÜR", "city": "Müritz", "state": "Mecklenburg-Vorpommern"},
  {"code": "MV", "city": "Mecklenburg-Vorpommern", "state": "Mecklenburg-Vorpommern"},
  {"code": "MVL", "city": "Mecklenburgische Seenplatte", "state": "Mecklenburg-Vorpommern"},
  {"code": "MW", "city": "Mittweida", "state": "Sachsen"},
  {"code": "MY", "city": "Mayen", "state": "Rheinland-Pfalz"},
  {"code": "MYK", "city": "Mayen-Koblenz", "state": "Rheinland-Pfalz"},
  {"code": "MZ", "city": "Mainz", "state": "Rheinland-Pfalz"},
  {"code": "MZG", "city": "Merzig-Wadern", "state": "Saarland"},
  {"code": "N", "city": "Nürnberg", "state": "Bayern"},
  {"code": "NAB", "city": "Nabburg", "state": "Bayern"},
  {"code": "NAI", "city": "Naila", "state": "Bayern"},
  {"code": "NAU", "city": "Nauen", "state": "Brandenburg"},
  {"code": "NB", "city": "Neubrandenburg", "state": "Mecklenburg-Vorpommern"},
  {"code": "ND", "city": "Neuburg an der Donau", "state": "Bayern"},
  {"code": "NDH", "city": "Nordhausen", "state": "Thüringen"},
  {"code": "NE", "city": "Neuss", "state": "Nordrhein-Westfalen"},
  {"code": "NEA", "city": "Neustadt an der Aisch", "state": "Bayern"},
  {"code": "NEB", "city": "Nebra", "state": "Sachsen-Anhalt"},
  {"code": "NEC", "city": "Neckar-Odenwald-Kreis", "state": "Baden-Württemberg"},
  {"code": "NEN", "city": "Neunburg vorm Wald", "state": "Bayern"},
  {"code": "NES", "city": "Bad Neustadt an der Saale", "state": "Bayern"},
  {"code": "NEU", "city": "Neustadt an der Weinstraße", "state": "Rheinland-Pfalz"},
  {"code": "NEW", "city": "Neustadt an der Waldnaab", "state": "Bayern"},
  {"code": "NF", "city": "Nordfriesland", "state": "Schleswig-Holstein"},
  {"code": "NI", "city": "Nienburg", "state": "Niedersachsen"},
  {"code": "NIE", "city": "Nienburg", "state": "Niedersachsen"},
  {"code": "NK", "city": "Neunkirchen", "state": "Saarland"},
  {"code": "NL", "city": "Niedersachsen", "state": "Niedersachsen"},
  {"code": "NM", "city": "Neumarkt in der Oberpfalz", "state": "Bayern"},
  {"code": "NMB", "city": "Neumünster", "state": "Schleswig-Holstein"},
  {"code": "NMS", "city": "Neumünster", "state": "Schleswig-Holstein"},
  {"code": "NÖ", "city": "Nördlingen", "state": "Bayern"},
  {"code": "NOH", "city": "Nordhorn", "state": "Niedersachsen"},
  {"code": "NOL", "city": "Niesky", "state": "Sachsen"},
  {"code": "NOM", "city": "Northeim", "state": "Niedersachsen"},
  {"code": "NOR", "city": "Norden", "state": "Niedersachsen"},
  {"code": "NP", "city": "Neuruppin", "state": "Brandenburg"},
  {"code": "NR", "city": "Neuruppin", "state": "Brandenburg"},
  {"code": "NRW", "city": "Nordrhein-Westfalen", "state": "Nordrhein-Westfalen"},
  {"code": "NT", "city": "Nürtingen", "state": "Baden-Württemberg"},
  {"code": "NU", "city": "Neu-Ulm", "state": "Bayern"},
  {"code": "NVP", "city": "Nordvorpommern", "state": "Mecklenburg-Vorpommern"},
  {"code": "NW", "city": "Neustadt an der Weinstraße", "state": "Rheinland-Pfalz"},
  {"code": "NWM", "city": "Nordwestmecklenburg", "state": "Mecklenburg-Vorpommern"},
  {"code": "NY", "city": "Niesky", "state": "Sachsen"},
  {"code": "NZ", "city": "Neustrelitz", "state": "Mecklenburg-Vorpommern"},
  {"code": "OA", "city": "Oberallgäu", "state": "Bayern"},
  {"code": "OAL", "city": "Oberallgäu", "state": "Bayern"},
  {"code": "OB", "city": "Oberhausen", "state": "Nordrhein-Westfalen"},
  {"code": "OBB", "city": "Oberbergischer Kreis", "state": "Nordrhein-Westfalen"},
  {"code": "OC", "city": "Oschersleben", "state": "Sachsen-Anhalt"},
  {"code": "OCH", "city": "Ochsenfurt", "state": "Bayern"},
  {"code": "OD", "city": "Bad Oldesloe", "state": "Schleswig-Holstein"},
  {"code": "OE", "city": "Olpe", "state": "Nordrhein-Westfalen"},
  {"code": "OF", "city": "Offenbach am Main", "state": "Hessen"},
  {"code": "OG", "city": "Offenburg", "state": "Baden-Württemberg"},
  {"code": "OH", "city": "Ostholstein", "state": "Schleswig-Holstein"},
  {"code": "OHA", "city": "Osterode am Harz", "state": "Niedersachsen"},
  {"code": "OHV", "city": "Oberhavel", "state": "Brandenburg"},
  {"code": "OHZ", "city": "Osterholz", "state": "Niedersachsen"},
  {"code": "OK", "city": "Ohrekreis", "state": "Sachsen-Anhalt"},
  {"code": "OL", "city": "Oldenburg", "state": "Niedersachsen"},
  {"code": "OP", "city": "Opladen", "state": "Nordrhein-Westfalen"},
  {"code": "OPR", "city": "Ostprignitz-Ruppin", "state": "Brandenburg"},
  {"code": "OR", "city": "Oranienburg", "state": "Brandenburg"},
  {"code": "OS", "city": "Osnabrück", "state": "Niedersachsen"},
  {"code": "OSL", "city": "Oberspreewald-Lausitz", "state": "Brandenburg"},
  {"code": "OTT", "city": "Ottweiler", "state": "Saarland"},
  {"code": "OVP", "city": "Ostvorpommern", "state": "Mecklenburg-Vorpommern"},
  {"code": "OW", "city": "Ostallgäu", "state": "Bayern"},
  {"code": "OY", "city": "Ochsenfurt", "state": "Bayern"},
  {"code": "OZ", "city": "Oschatz", "state": "Sachsen"},
  {"code": "P", "city": "Potsdam", "state": "Brandenburg"},
  {"code": "PA", "city": "Passau", "state": "Bayern"},
  {"code": "PAF", "city": "Pfaffenhofen an der Ilm", "state": "Bayern"},
  {"code": "PAN", "city": "Panschwitz-Kuckau", "state": "Sachsen"},
  {"code": "PAR", "city": "Parsberg", "state": "Bayern"},
  {"code": "PB", "city": "Paderborn", "state": "Nordrhein-Westfalen"},
  {"code": "PCH", "city": "Parchim", "state": "Mecklenburg-Vorpommern"},
  {"code": "PE", "city": "Peine", "state": "Niedersachsen"},
  {"code": "PEG", "city": "Pegnitz", "state": "Bayern"},
  {"code": "PF", "city": "Pforzheim", "state": "Baden-Württemberg"},
  {"code": "PI", "city": "Pinneberg", "state": "Schleswig-Holstein"},
  {"code": "PIR", "city": "Pirna", "state": "Sachsen"},
  {"code": "PK", "city": "Pasewalk", "state": "Mecklenburg-Vorpommern"},
  {"code": "PL", "city": "Plauen", "state": "Sachsen"},
  {"code": "PLÖ", "city": "Plön", "state": "Schleswig-Holstein"},
  {"code": "PM", "city": "Potsdam-Mittelmark", "state": "Brandenburg"},
  {"code": "PN", "city": "Pößneck", "state": "Thüringen"},
  {"code": "PR", "city": "Prignitz", "state": "Brandenburg"},
  {"code": "PRÜ", "city": "Prüm", "state": "Rheinland-Pfalz"},
  {"code": "PS", "city": "Pirmasens", "state": "Rheinland-Pfalz"},
  {"code": "PW", "city": "Pasewalk", "state": "Mecklenburg-Vorpommern"},
  {"code": "PY", "city": "Plön", "state": "Schleswig-Holstein"},
  {"code": "QFT", "city": "Quedlinburg", "state": "Sachsen-Anhalt"},
  {"code": "QLB", "city": "Quedlinburg", "state": "Sachsen-Anhalt"},
  {"code": "R", "city": "Regensburg", "state": "Bayern"},
  {"code": "RA", "city": "Rastatt", "state": "Baden-Württemberg"},
  {"code": "RC", "city": "Reichenbach", "state": "Sachsen"},
  {"code": "RD", "city": "Rendsburg-Eckernförde", "state": "Schleswig-Holstein"},
  {"code": "RDG", "city": "Roding", "state": "Bayern"},
  {"code": "RE", "city": "Recklinghausen", "state": "Nordrhein-Westfalen"},
  {"code": "REG", "city": "Regen", "state": "Bayern"},
  {"code": "REH", "city": "Rehau", "state": "Bayern"},
  {"code": "REI", "city": "Reichenhall", "state": "Bayern"},
  {"code": "RG", "city": "Riesa-Großenhain", "state": "Sachsen"},
  {"code": "RH", "city": "Roth", "state": "Bayern"},
  {"code": "RI", "city": "Rinteln", "state": "Niedersachsen"},
  {"code": "RID", "city": "Riedenburg", "state": "Bayern"},
  {"code": "RIE", "city": "Riesa", "state": "Sachsen"},
  {"code": "RL", "city": "Rochlitz", "state": "Sachsen"},
  {"code": "RM", "city": "Röbel/Müritz", "state": "Mecklenburg-Vorpommern"},
  {"code": "RN", "city": "Rotenburg (Wümme)", "state": "Niedersachsen"},
  {"code": "RO", "city": "Rosenheim", "state": "Bayern"},
  {"code": "ROD", "city": "Roding", "state": "Bayern"},
  {"code": "ROF", "city": "Rofach", "state": "Bayern"},
  {"code": "ROK", "city": "Rockenhausen", "state": "Rheinland-Pfalz"},
  {"code": "ROL", "city": "Rottenburg an der Laaber", "state": "Bayern"},
  {"code": "ROS", "city": "Rostock", "state": "Mecklenburg-Vorpommern"},
  {"code": "ROT", "city": "Rothenburg ob der Tauber", "state": "Bayern"},
  {"code": "ROW", "city": "Rotenburg (Wümme)", "state": "Niedersachsen"},
  {"code": "RP", "city": "Rheinland-Pfalz", "state": "Rheinland-Pfalz"},
  {"code": "RPL", "city": "Rheinland-Pfalz", "state": "Rheinland-Pfalz"},
  {"code": "RS", "city": "Remscheid", "state": "Nordrhein-Westfalen"},
  {"code": "RSL", "city": "Riesa-Großenhain", "state": "Sachsen"},
  {"code": "RT", "city": "Reutlingen", "state": "Baden-Württemberg"},
  {"code": "RU", "city": "Rudolstadt", "state": "Thüringen"},
  {"code": "RÜD", "city": "Rüdesheim", "state": "Hessen"},
  {"code": "RÜG", "city": "Rügen", "state": "Mecklenburg-Vorpommern"},
  {"code": "RV", "city": "Ravensburg", "state": "Baden-Württemberg"},
  {"code": "RW", "city": "Rottweil", "state": "Baden-Württemberg"},
  {"code": "RZ", "city": "Ratzeburg", "state": "Schleswig-Holstein"},
  {"code": "S", "city": "Stuttgart", "state": "Baden-Württemberg"},
  {"code": "SAB", "city": "Saarburg", "state": "Rheinland-Pfalz"},
  {"code": "SAD", "city": "Schwandorf", "state": "Bayern"},
  {"code": "SAL", "city": "Saarland", "state": "Saarland"},
  {"code": "SAN", "city": "Stadtsteinach", "state": "Bayern"},
  {"code": "SAW", "city": "Salzwedel", "state": "Sachsen-Anhalt"},
  {"code": "SB", "city": "Saarbrücken", "state": "Saarland"},
  {"code": "SBG", "city": "Stralsund", "state": "Mecklenburg-Vorpommern"},
  {"code": "SBK", "city": "Schwarzenberg", "state": "Sachsen"},
  {"code": "SC", "city": "Schwabach", "state": "Bayern"},
  {"code": "SDL", "city": "Stendal", "state": "Sachsen-Anhalt"},
  {"code": "SDT", "city": "Schwedt", "state": "Brandenburg"},
  {"code": "SE", "city": "Bad Segeberg", "state": "Schleswig-Holstein"},
  {"code": "SEB", "city": "Sebnitz", "state": "Sachsen"},
  {"code": "SEE", "city": "Seelow", "state": "Brandenburg"},
  {"code": "SEF", "city": "Scheinfeld", "state": "Bayern"},
  {"code": "SEL", "city": "Selb", "state": "Bayern"},
  {"code": "SF", "city": "Senftenberg", "state": "Brandenburg"},
  {"code": "SFB", "city": "Senftenberg", "state": "Brandenburg"},
  {"code": "SFT", "city": "Schleswig-Flensburg", "state": "Schleswig-Holstein"},
  {"code": "SG", "city": "Solingen", "state": "Nordrhein-Westfalen"},
  {"code": "SGH", "city": "Sangerhausen", "state": "Sachsen-Anhalt"},
  {"code": "SHA", "city": "Schwäbisch Hall", "state": "Baden-Württemberg"},
  {"code": "SH", "city": "Schleswig-Holstein", "state": "Schleswig-Holstein"},
  {"code": "SHG", "city": "Schaumburg", "state": "Niedersachsen"},
  {"code": "SHK", "city": "Saale-Holzland-Kreis", "state": "Thüringen"},
  {"code": "SHL", "city": "Suhl", "state": "Thüringen"},
  {"code": "SI", "city": "Siegen", "state": "Nordrhein-Westfalen"},
  {"code": "SIG", "city": "Sigmaringen", "state": "Baden-Württemberg"},
  {"code": "SIM", "city": "Simmern", "state": "Rheinland-Pfalz"},
  {"code": "SK", "city": "Saalkreis", "state": "Sachsen-Anhalt"},
  {"code": "SL", "city": "Schleswig", "state": "Schleswig-Holstein"},
  {"code": "SLE", "city": "Schleiden", "state": "Nordrhein-Westfalen"},
  {"code": "SLF", "city": "Saalfeld-Rudolstadt", "state": "Thüringen"},
  {"code": "SLG", "city": "Saarlouis", "state": "Saarland"},
  {"code": "SLK", "city": "Salzlandkreis", "state": "Sachsen-Anhalt"},
  {"code": "SLN", "city": "Schlüchtern", "state": "Hessen"},
  {"code": "SLS", "city": "Saarlouis", "state": "Saarland"},
  {"code": "SLÜ", "city": "Schlüchtern", "state": "Hessen"},
  {"code": "SM", "city": "Schmalkalden-Meiningen", "state": "Thüringen"},
  {"code": "SN", "city": "Schwerin", "state": "Mecklenburg-Vorpommern"},
  {"code": "SO", "city": "Soest", "state": "Nordrhein-Westfalen"},
  {"code": "SÖM", "city": "Sömmerda", "state": "Thüringen"},
  {"code": "SON", "city": "Sonneberg", "state": "Thüringen"},
  {"code": "SP", "city": "Speyer", "state": "Rheinland-Pfalz"},
  {"code": "SPB", "city": "Spremberg", "state": "Brandenburg"},
  {"code": "SPN", "city": "Spree-Neiße", "state": "Brandenburg"},
  {"code": "SR", "city": "Straubing", "state": "Bayern"},
  {"code": "SRB", "city": "Strausberg", "state": "Brandenburg"},
  {"code": "SRO", "city": "Stadtroda", "state": "Thüringen"},
  {"code": "ST", "city": "Steinfurt", "state": "Nordrhein-Westfalen"},
  {"code": "STA", "city": "Starnberg", "state": "Bayern"},
  {"code": "STD", "city": "Stade", "state": "Niedersachsen"},
  {"code": "STE", "city": "Steinburg", "state": "Schleswig-Holstein"},
  {"code": "STL", "city": "Stollberg", "state": "Sachsen"},
  {"code": "SU", "city": "Siegburg", "state": "Nordrhein-Westfalen"},
  {"code": "SÜW", "city": "Südliche Weinstraße", "state": "Rheinland-Pfalz"},
  {"code": "SW", "city": "Schweinfurt", "state": "Bayern"},
  {"code": "SWA", "city": "Schwalbach", "state": "Saarland"},
  {"code": "SY", "city": "Syke", "state": "Niedersachsen"},
  {"code": "SZ", "city": "Schwarzenberg", "state": "Sachsen"},
  {"code": "SZB", "city": "Schwarzenberg", "state": "Sachsen"},
  {"code": "TBB", "city": "Tauberbischofsheim", "state": "Baden-Württemberg"},
  {"code": "TDO", "city": "Torgau-Delitzsch", "state": "Sachsen"},
  {"code": "TE", "city": "Teterow", "state": "Mecklenburg-Vorpommern"},
  {"code": "TF", "city": "Teltow-Fläming", "state": "Brandenburg"},
  {"code": "TG", "city": "Torgau", "state": "Sachsen"},
  {"code": "TH", "city": "Thüringen", "state": "Thüringen"},
  {"code": "THL", "city": "Thüringen", "state": "Thüringen"},
  {"code": "THW", "city": "Technisches Hilfswerk", "state": "Bund"},
  {"code": "TIR", "city": "Tirschenreuth", "state": "Bayern"},
  {"code": "TÖL", "city": "Bad Tölz", "state": "Bayern"},
  {"code": "TP", "city": "Templin", "state": "Brandenburg"},
  {"code": "TR", "city": "Trier", "state": "Rheinland-Pfalz"},
  {"code": "TS", "city": "Traunstein", "state": "Bayern"},
  {"code": "TT", "city": "Tettnang", "state": "Baden-Württemberg"},
  {"code": "TÜ", "city": "Tübingen", "state": "Baden-Württemberg"},
  {"code": "TUT", "city": "Tuttlingen", "state": "Baden-Württemberg"},
  {"code": "UE", "city": "Uelzen", "state": "Niedersachsen"},
  {"code": "UEM", "city": "Uecker-Randow", "state": "Mecklenburg-Vorpommern"},
  {"code": "UER", "city": "Uecker-Randow", "state": "Mecklenburg-Vorpommern"},
  {"code": "UH", "city": "Unstrut-Hainich-Kreis", "state": "Thüringen"},
  {"code": "UL", "city": "Ulm", "state": "Baden-Württemberg"},
  {"code": "UM", "city": "Uckermark", "state": "Brandenburg"},
  {"code": "UN", "city": "Unna", "state": "Nordrhein-Westfalen"},
  {"code": "USI", "city": "Usingen", "state": "Hessen"},
  {"code": "V", "city": "Vogtlandkreis", "state": "Sachsen"},
  {"code": "VB", "city": "Vogelsbergkreis", "state": "Hessen"},
  {"code": "VEC", "city": "Vechta", "state": "Niedersachsen"},
  {"code": "VER", "city": "Verden", "state": "Niedersachsen"},
  {"code": "VG", "city": "Viersen", "state": "Nordrhein-Westfalen"},
  {"code": "VIE", "city": "Viersen", "state": "Nordrhein-Westfalen"},
  {"code": "VK", "city": "Völklingen", "state": "Saarland"},
  {"code": "VL", "city": "Villingen-Schwenningen", "state": "Baden-Württemberg"},
  {"code": "VOF", "city": "Vilshofen", "state": "Bayern"},
  {"code": "VOH", "city": "Vohenstrauß", "state": "Bayern"},
  {"code": "VR", "city": "Vorpommern-Rügen", "state": "Mecklenburg-Vorpommern"},
  {"code": "VS", "city": "Villingen-Schwenningen", "state": "Baden-Württemberg"},
  {"code": "W", "city": "Wuppertal", "state": "Nordrhein-Westfalen"},
  {"code": "WA", "city": "Waldeck", "state": "Hessen"},
  {"code": "WAF", "city": "Warendorf", "state": "Nordrhein-Westfalen"},
  {"code": "WAK", "city": "Wartburgkreis", "state": "Thüringen"},
  {"code": "WAN", "city": "Wanne-Eickel", "state": "Nordrhein-Westfalen"},
  {"code": "WAR", "city": "Warburg", "state": "Nordrhein-Westfalen"},
  {"code": "WAT", "city": "Wattenscheid", "state": "Nordrhein-Westfalen"},
  {"code": "WB", "city": "Wittenberg", "state": "Sachsen-Anhalt"},
  {"code": "WBS", "city": "Weißenfels", "state": "Sachsen-Anhalt"},
  {"code": "WDA", "city": "Werdau", "state": "Sachsen"},
  {"code": "WE", "city": "Weimar", "state": "Thüringen"},
  {"code": "WEG", "city": "Wegberg", "state": "Nordrhein-Westfalen"},
  {"code": "WEL", "city": "Wels", "state": "Bayern"},
  {"code": "WEM", "city": "Wemding", "state": "Bayern"},
  {"code": "WEN", "city": "Wendlingen am Neckar", "state": "Baden-Württemberg"},
  {"code": "WER", "city": "Wertheim", "state": "Baden-Württemberg"},
  {"code": "WES", "city": "Wesel", "state": "Nordrhein-Westfalen"},
  {"code": "WF", "city": "Wolfenbüttel", "state": "Niedersachsen"},
  {"code": "WG", "city": "Wangen im Allgäu", "state": "Baden-Württemberg"},
  {"code": "WHV", "city": "Wilhelmshaven", "state": "Niedersachsen"},
  {"code": "WI", "city": "Wiesbaden", "state": "Hessen"},
  {"code": "WIL", "city": "Wittlich", "state": "Rheinland-Pfalz"},
  {"code": "WIS", "city": "Wismar", "state": "Mecklenburg-Vorpommern"},
  {"code": "WIT", "city": "Witten", "state": "Nordrhein-Westfalen"},
  {"code": "WK", "city": "Wittstock", "state": "Brandenburg"},
  {"code": "WL", "city": "Winsen (Luhe)", "state": "Niedersachsen"},
  {"code": "WLG", "city": "Wolgast", "state": "Mecklenburg-Vorpommern"},
  {"code": "WM", "city": "Weilheim in Oberbayern", "state": "Bayern"},
  {"code": "WMS", "city": "Wolmirstedt", "state": "Sachsen-Anhalt"},
  {"code": "WN", "city": "Waiblingen", "state": "Baden-Württemberg"},
  {"code": "WND", "city": "St. Wendel", "state": "Saarland"},
  {"code": "WO", "city": "Worms", "state": "Rheinland-Pfalz"},
  {"code": "WOB", "city": "Wolfsburg", "state": "Niedersachsen"},
  {"code": "WOH", "city": "Wolfhagen", "state": "Hessen"},
  {"code": "WOL", "city": "Wolfach", "state": "Baden-Württemberg"},
  {"code": "WOR", "city": "Wolfratshausen", "state": "Bayern"},
  {"code": "WOS", "city": "Wolfstein", "state": "Rheinland-Pfalz"},
  {"code": "WR", "city": "Wernigerode", "state": "Sachsen-Anhalt"},
  {"code": "WRN", "city": "Waren", "state": "Mecklenburg-Vorpommern"},
  {"code": "WS", "city": "Wasserburg am Inn", "state": "Bayern"},
  {"code": "WSF", "city": "Weißensee", "state": "Thüringen"},
  {"code": "WST", "city": "Westerstede", "state": "Niedersachsen"},
  {"code": "WSW", "city": "Weißwasser", "state": "Sachsen"},
  {"code": "WT", "city": "Waldshut-Tiengen", "state": "Baden-Württemberg"},
  {"code": "WTL", "city": "Wittlich", "state": "Rheinland-Pfalz"},
  {"code": "WTM", "city": "Wittmund", "state": "Niedersachsen"},
  {"code": "WÜ", "city": "Würzburg", "state": "Bayern"},
  {"code": "WUG", "city": "Weißenburg in Bayern", "state": "Bayern"},
  {"code": "WUL", "city": "Wülfrath", "state": "Nordrhein-Westfalen"},
  {"code": "WUN", "city": "Wunsiedel", "state": "Bayern"},
  {"code": "WUR", "city": "Wurzen", "state": "Sachsen"},
  {"code": "WW", "city": "Westerwaldkreis", "state": "Rheinland-Pfalz"},
  {"code": "WZ", "city": "Wetzlar", "state": "Hessen"},
  {"code": "WZL", "city": "Wanzleben", "state": "Sachsen-Anhalt"},
  {"code": "X", "city": "NATO", "state": "Bund"},
  {"code": "Y", "city": "Bundeswehr", "state": "Bund"},
  {"code": "Z", "city": "Zwickau", "state": "Sachsen"},
  {"code": "ZE", "city": "Zeitz", "state": "Sachsen-Anhalt"},
  {"code": "ZEL", "city": "Zell", "state": "Rheinland-Pfalz"},
  {"code": "ZI", "city": "Zittau", "state": "Sachsen"},
  {"code": "ZIG", "city": "Ziegenhain", "state": "Hessen"},
  {"code": "ZP", "city": "Zschopau", "state": "Sachsen"},
  {"code": "ZR", "city": "Zeulenroda", "state": "Thüringen"},
  {"code": "ZS", "city": "Zossen", "state": "Brandenburg"},
  {"code": "ZW", "city": "Zweibrücken", "state": "Rheinland-Pfalz"},
  {"code": "ZZ", "city": "Zeitz", "state": "Sachsen-Anhalt"}
]

